Lesson Title,Questions,Objectives
`Object Oriented Programming <01-Object-Oriented_Programming.html>`_,"* What is Object Oriented Programming?
* Why should I use Object Oriented Programming?", "* Understand the concepts behind Object Oriented Programming."
`Encapsulation <02-Encapsulation.html>`_,"* What is encapsulation?
* Why should I use encapsulation in my code?", "* Understand the concept of a Class.
* Understand the python syntax for Classes."
`Abstraction <03-Abstraction.html>`_,"* What is Abstraction?
* Why should I care about Data Abstraction?", "* Understand the concepts behind Data Abstraction."
`Inheritance <04-Inheritance.html>`_,"* What is Inheritance?
* Why should I use Inheritance in my code?", "* Understand the concept of a Class.
* Understand the concepts behind Inheritance."
`Abstract Classes <05-Abstract-Classes.html>`_,"* What are Abstract Classes?
* Why should I use Abstract Classes?", "* Understand the concepts behind Abstract Classes."
`Polymorphism <06-Polymorphism.html>`_,"* What is Polymorphism?", "* Understand the concepts behind Polymorphism."